input_sizes,torch,triton
128,0.0032201257275231714,0.0016000000404194008
256,0.013331163059622638,0.006400000161677603
512,0.05319480729259924,0.025660142064135454
1024,0.17808695257003013,0.09309090836383094
2048,0.2482424223035492,0.18832183832548335
4096,0.27887659631386336,0.2570354075703484
8192,0.2887048498694588,0.2843210481729326
