input_sizes,torch,triton
128,0.0015518797002478772,0.0008062500203675886
256,0.0063850930260181005,0.003212500081154578
512,0.025352896428975098,0.012825000323986759
1024,0.09689808340912223,0.0500000008194503
2048,0.16646905682331395,0.11422996413297833
4096,0.20232099185668842,0.1708891228048489
8192,0.2141960772214204,0.19192971613430165
