total_elements,PyTorch,Triton
4096.000000,0.004281,0.004404
8192.000000,0.008671,0.007902
16384.000000,0.015855,0.015168
32768.000000,0.028969,0.027853
65536.000000,0.052591,0.051675
131072.000000,0.093097,0.089041
262144.000000,0.133195,0.127648
524288.000000,0.188083,0.184526
1048576.000000,0.229073,0.228352
2097152.000000,0.254831,0.252205
4194304.000000,0.273032,0.271944
8388608.000000,0.281303,0.280867
