total_elements,PyTorch,Triton
4096.000000,0.003978,0.003930
8192.000000,0.007842,0.007604
16384.000000,0.014663,0.014633
32768.000000,0.026752,0.025962
65536.000000,0.045923,0.043692
131072.000000,0.069201,0.068323
262144.000000,0.099318,0.096319
524288.000000,0.127369,0.124963
1048576.000000,0.140649,0.142789
2097152.000000,0.150599,0.155748
4194304.000000,0.156856,0.163545
8388608.000000,0.160080,0.166308
