total_elements,PyTorch,Triton
4096.000000,0.001876,0.002190
8192.000000,0.003632,0.003910
16384.000000,0.007022,0.008589
32768.000000,0.013265,0.016340
65536.000000,0.023969,0.027950
131072.000000,0.039366,0.041358
262144.000000,0.054277,0.058831
524288.000000,0.068785,0.082882
1048576.000000,0.078892,0.084475
2097152.000000,0.087672,0.089740
4194304.000000,0.092779,0.093652
8388608.000000,0.095621,0.095679
