total_elements,PyTorch,Triton
4096.000000,0.001672,0.002088
8192.000000,0.003447,0.004478
16384.000000,0.007256,0.009050
32768.000000,0.013787,0.016057
65536.000000,0.023697,0.027469
131072.000000,0.039034,0.041040
262144.000000,0.054555,0.061397
524288.000000,0.068400,0.083432
1048576.000000,0.078897,0.084123
2097152.000000,0.087927,0.089249
4194304.000000,0.092643,0.093587
8388608.000000,0.095752,0.095653
