total_elements,PyTorch,Triton
4096.000000,0.000580,0.000293
8192.000000,0.000559,0.000672
16384.000000,0.001779,0.001367
32768.000000,0.002821,0.005309
65536.000000,0.008384,0.009358
131072.000000,0.017603,0.017664
262144.000000,0.023409,0.031123
524288.000000,0.032821,0.042972
1048576.000000,0.067276,0.058936
2097152.000000,0.082050,0.061389
4194304.000000,0.093032,0.066561
8388608.000000,0.099169,0.068801
