total_elements,PyTorch,Triton
4096.000000,0.004388,0.004335
8192.000000,0.008322,0.008221
16384.000000,0.016184,0.015787
32768.000000,0.027917,0.025749
65536.000000,0.045844,0.043947
131072.000000,0.065168,0.064637
262144.000000,0.088865,0.089300
524288.000000,0.107053,0.110494
1048576.000000,0.117322,0.118130
2097152.000000,0.123729,0.123551
4194304.000000,0.127092,0.128566
8388608.000000,0.128942,0.130117
