total_elements,PyTorch,Triton
4096.000000,0.004646,0.004448
8192.000000,0.008755,0.008387
16384.000000,0.016879,0.016572
32768.000000,0.028294,0.027065
65536.000000,0.046403,0.047354
131072.000000,0.067315,0.065090
262144.000000,0.089565,0.090918
524288.000000,0.108183,0.112312
1048576.000000,0.117668,0.120308
2097152.000000,0.124373,0.124070
4194304.000000,0.127209,0.127264
8388608.000000,0.129215,0.129031
