total_elements,PyTorch,Triton
4096.000000,0.004353,0.004184
8192.000000,0.007871,0.008234
16384.000000,0.016625,0.015484
32768.000000,0.027908,0.027447
65536.000000,0.045097,0.043676
131072.000000,0.066285,0.062898
262144.000000,0.090933,0.088222
524288.000000,0.108286,0.109845
1048576.000000,0.116578,0.118828
2097152.000000,0.123420,0.123081
4194304.000000,0.127206,0.128375
8388608.000000,0.129657,0.130096
