total_elements,PyTorch,Triton
4096.000000,0.001656,0.002171
8192.000000,0.003549,0.004026
16384.000000,0.006901,0.008199
32768.000000,0.012797,0.015177
65536.000000,0.023706,0.027334
131072.000000,0.038573,0.040533
262144.000000,0.055130,0.058855
524288.000000,0.068647,0.080526
1048576.000000,0.078325,0.086417
2097152.000000,0.087839,0.090845
4194304.000000,0.092511,0.094023
8388608.000000,0.095685,0.095556
