total_elements,PyTorch,Triton
4096.000000,0.001701,0.001998
8192.000000,0.003309,0.003757
16384.000000,0.006445,0.007400
32768.000000,0.012130,0.000077
65536.000000,0.022063,0.024138
131072.000000,0.037632,0.039673
262144.000000,0.055229,0.061561
524288.000000,0.074230,0.082575
1048576.000000,0.091309,0.100182
2097152.000000,0.103811,0.111468
4194304.000000,0.111506,0.118783
8388608.000000,0.116255,0.121778
