total_elements,PyTorch,Triton
4096.000000,0.004576,0.004332
8192.000000,0.008960,0.008244
16384.000000,0.016890,0.016456
32768.000000,0.029292,0.027550
65536.000000,0.046708,0.045312
131072.000000,0.067275,0.065313
262144.000000,0.088328,0.090177
524288.000000,0.108227,0.111451
1048576.000000,0.117685,0.119534
2097152.000000,0.124179,0.123754
4194304.000000,0.127026,0.127489
8388608.000000,0.129341,0.129030
