total_elements,PyTorch,Triton
4096.000000,0.001794,0.002080
8192.000000,0.003410,0.004097
16384.000000,0.006863,0.007914
32768.000000,0.012827,0.014389
65536.000000,0.023477,0.025407
131072.000000,0.037002,0.039652
262144.000000,0.053166,0.059182
524288.000000,0.068015,0.081299
1048576.000000,0.078249,0.085146
2097152.000000,0.087148,0.091264
4194304.000000,0.092470,0.094203
8388608.000000,0.095453,0.095541
