size,PyTorch,Triton
256.000000,0.044034,0.043881
512.000000,0.091186,0.089368
1024.000000,0.117074,0.119060
2048.000000,0.127342,0.127352
4096.000000,0.130380,0.129990
8192.000000,0.131242,0.130797
