size,PyTorch,Triton
256.000000,0.034014,0.032630
512.000000,0.059800,0.061264
1024.000000,0.074950,0.069498
2048.000000,0.078499,0.078732
4096.000000,0.082532,0.082747
8192.000000,0.083328,0.084125
