size,PyTorch,Triton
256.000000,0.023566,0.027412
512.000000,0.054786,0.060334
1024.000000,0.078469,0.083854
2048.000000,0.092841,0.093149
4096.000000,0.096951,0.096387
8192.000000,0.098108,0.097219
