size,PyTorch,Triton
256.000000,0.019103,0.020624
512.000000,0.035874,0.044965
1024.000000,0.049304,0.052068
2048.000000,0.059103,0.058597
4096.000000,0.061380,0.060712
8192.000000,0.062267,0.061264
