size,PyTorch,Triton
256.000000,0.022008,0.025806
512.000000,0.051538,0.031842
1024.000000,0.078643,0.084387
2048.000000,0.092497,0.093814
4096.000000,0.096872,0.096567
8192.000000,0.098057,0.097285
