size,PyTorch,Triton
256.000000,0.033419,0.032527
512.000000,0.055253,0.059608
1024.000000,0.074417,0.069582
2048.000000,0.078482,0.078763
4096.000000,0.082653,0.082834
8192.000000,0.084087,0.084451
