size,PyTorch,Triton
256.000000,0.019519,0.021427
512.000000,0.039720,0.040430
1024.000000,0.050248,0.053174
2048.000000,0.059229,0.058968
4096.000000,0.061552,0.060561
8192.000000,0.062244,0.061222
