size,PyTorch,Triton
256.000000,0.046854,0.046098
512.000000,0.090777,0.089500
1024.000000,0.117863,0.120051
2048.000000,0.126898,0.127247
4096.000000,0.130353,0.130058
8192.000000,0.131270,0.130750
