size,PyTorch,Triton
256.000000,0.046474,0.045461
512.000000,0.087621,0.090679
1024.000000,0.116799,0.118354
2048.000000,0.126891,0.127717
4096.000000,0.130214,0.130264
8192.000000,0.131122,0.130857
