size,PyTorch,Triton
256.000000,0.022646,0.027785
512.000000,0.054310,0.058320
1024.000000,0.078912,0.084762
2048.000000,0.092803,0.094015
4096.000000,0.097138,0.096702
8192.000000,0.097986,0.097052
