total_elements,PyTorch,Triton
4096.000000,0.001735,0.002290
8192.000000,0.003516,0.004427
16384.000000,0.006851,0.008528
32768.000000,0.012789,0.015064
65536.000000,0.022188,0.024393
131072.000000,0.037599,0.039193
262144.000000,0.054213,0.057936
524288.000000,0.069025,0.079854
1048576.000000,0.078616,0.085200
2097152.000000,0.087640,0.090736
4194304.000000,0.092760,0.093755
8388608.000000,0.095490,0.095592
