size,PyTorch,Triton
256.000000,0.023578,0.027453
512.000000,0.054901,0.060458
1024.000000,0.078813,0.084588
2048.000000,0.092893,0.093873
4096.000000,0.097153,0.096712
8192.000000,0.097963,0.097123
