total_elements,PyTorch,Triton
4096.000000,0.000387,0.000284
8192.000000,0.000130,0.000533
16384.000000,0.000275,0.001352
32768.000000,0.000568,0.002422
65536.000000,0.001116,0.004752
131072.000000,0.003255,0.008137
262144.000000,0.004571,0.023647
524288.000000,0.016970,0.038971
1048576.000000,0.022666,0.048104
2097152.000000,0.024516,0.048325
4194304.000000,0.026556,0.056299
8388608.000000,0.027654,0.054775
