total_elements,PyTorch,Triton
4096.000000,0.001660,0.002169
8192.000000,0.003446,0.003906
16384.000000,0.006772,0.007735
32768.000000,0.012799,0.015368
65536.000000,0.025499,0.027824
131072.000000,0.045203,0.048056
262144.000000,0.073796,0.077917
524288.000000,0.111512,0.111968
1048576.000000,0.146906,0.140884
2097152.000000,0.172005,0.167932
4194304.000000,0.192483,0.183165
8388608.000000,0.204606,0.191473
