total_elements,PyTorch,Triton
4096.000000,0.001860,0.002213
8192.000000,0.003626,0.003972
16384.000000,0.006893,0.008299
32768.000000,0.013400,0.015058
65536.000000,0.023731,0.026289
131072.000000,0.038333,0.039354
262144.000000,0.053360,0.059626
524288.000000,0.068874,0.084099
1048576.000000,0.079295,0.084553
2097152.000000,0.087921,0.089457
4194304.000000,0.092658,0.093929
8388608.000000,0.095344,0.095804
