total_elements,PyTorch,Triton
4096.000000,0.001910,0.002348
8192.000000,0.003704,0.004298
16384.000000,0.007149,0.008627
32768.000000,0.013381,0.015952
65536.000000,0.024110,0.027930
131072.000000,0.037947,0.039779
262144.000000,0.054508,0.059845
524288.000000,0.069489,0.082837
1048576.000000,0.079117,0.084280
2097152.000000,0.087948,0.089055
4194304.000000,0.092773,0.093804
8388608.000000,0.095330,0.095757
