total_elements,PyTorch,Triton
4096.000000,0.004323,0.003953
8192.000000,0.007881,0.007375
16384.000000,0.014909,0.014221
32768.000000,0.025562,0.025388
65536.000000,0.043401,0.043220
131072.000000,0.062716,0.060235
262144.000000,0.087565,0.090424
524288.000000,0.107371,0.107389
1048576.000000,0.116299,0.118643
2097152.000000,0.123500,0.123230
4194304.000000,0.127247,0.127774
8388608.000000,0.129120,0.129561
