total_elements,PyTorch,Triton
4096.000000,0.001871,0.002244
8192.000000,0.003494,0.004127
16384.000000,0.006815,0.007928
32768.000000,0.012757,0.014540
65536.000000,0.023029,0.023476
131072.000000,0.037443,0.039205
262144.000000,0.053261,0.058323
524288.000000,0.069484,0.079298
1048576.000000,0.078945,0.084226
2097152.000000,0.087553,0.089986
4194304.000000,0.092744,0.093439
8388608.000000,0.095300,0.095319
