total_elements,PyTorch,Triton
4096.000000,0.004333,0.004424
8192.000000,0.008156,0.008404
16384.000000,0.015927,0.015683
32768.000000,0.028362,0.026133
65536.000000,0.042404,0.044092
131072.000000,0.065073,0.062538
262144.000000,0.087448,0.092052
524288.000000,0.104187,0.109087
1048576.000000,0.116355,0.121076
2097152.000000,0.123516,0.123786
4194304.000000,0.126931,0.127856
8388608.000000,0.128882,0.129657
