total_elements,PyTorch,Triton
4096.000000,0.003786,0.003816
8192.000000,0.007452,0.007404
16384.000000,0.014009,0.013843
32768.000000,0.024981,0.025042
65536.000000,0.043222,0.043441
131072.000000,0.067132,0.066401
262144.000000,0.096705,0.095197
524288.000000,0.126278,0.123466
1048576.000000,0.140182,0.141802
2097152.000000,0.149739,0.154527
4194304.000000,0.156596,0.163000
8388608.000000,0.160095,0.166727
