total_elements,PyTorch,Triton
4096.000000,0.004464,0.004533
8192.000000,0.008603,0.008183
16384.000000,0.016359,0.016211
32768.000000,0.028073,0.026539
65536.000000,0.043642,0.046130
131072.000000,0.065902,0.062349
262144.000000,0.087156,0.089993
524288.000000,0.106343,0.110967
1048576.000000,0.117129,0.120004
2097152.000000,0.123940,0.124077
4194304.000000,0.127177,0.127603
8388608.000000,0.129132,0.129237
