size,PyTorch,Triton
256.000000,0.046977,0.046201
512.000000,0.087209,0.088998
1024.000000,0.117274,0.119742
2048.000000,0.127216,0.127618
4096.000000,0.130321,0.130258
8192.000000,0.131118,0.130808
