total_elements,PyTorch,Triton
4096.000000,0.001701,0.000024
8192.000000,0.003264,0.003809
16384.000000,0.006163,0.007296
32768.000000,0.012217,0.013761
65536.000000,0.022130,0.024607
131072.000000,0.038235,0.039770
262144.000000,0.055327,0.060403
524288.000000,0.075578,0.080795
1048576.000000,0.091375,0.099315
2097152.000000,0.102908,0.111069
4194304.000000,0.111676,0.118009
8388608.000000,0.116265,0.121404
