total_elements,PyTorch,Triton
4096.000000,0.000312,0.001136
8192.000000,0.000877,0.003024
16384.000000,0.001852,0.005088
32768.000000,0.002821,0.005129
65536.000000,0.002941,0.008489
131072.000000,0.005626,0.017060
262144.000000,0.012152,0.035628
524288.000000,0.025287,0.054264
1048576.000000,0.041585,0.059916
2097152.000000,0.040157,0.062936
4194304.000000,0.041814,0.064867
8388608.000000,0.042720,0.066162
