total_elements,PyTorch,Triton
4096.000000,0.003952,0.003993
8192.000000,0.007588,0.007661
16384.000000,0.015614,0.015532
32768.000000,0.028318,0.029257
65536.000000,0.054408,0.054428
131072.000000,0.086949,0.085689
262144.000000,0.137296,0.133222
524288.000000,0.190009,0.188259
1048576.000000,0.230153,0.228316
2097152.000000,0.254352,0.259357
4194304.000000,0.271098,0.272506
8388608.000000,0.281399,0.282570
