total_elements,PyTorch,Triton
4096.000000,0.004447,0.004372
8192.000000,0.008343,0.008203
16384.000000,0.015941,0.016261
32768.000000,0.027216,0.027567
65536.000000,0.045801,0.044302
131072.000000,0.066179,0.062102
262144.000000,0.088291,0.090534
524288.000000,0.105858,0.112645
1048576.000000,0.117506,0.118401
2097152.000000,0.123834,0.124174
4194304.000000,0.127087,0.127686
8388608.000000,0.129072,0.129207
