total_elements,PyTorch,Triton
4096.000000,0.001713,0.002019
8192.000000,0.003272,0.003709
16384.000000,0.006395,0.007405
32768.000000,0.012229,0.013988
65536.000000,0.021680,0.024261
131072.000000,0.037644,0.039530
262144.000000,0.055252,0.060027
524288.000000,0.074886,0.081768
1048576.000000,0.091037,0.099655
2097152.000000,0.103216,0.110761
4194304.000000,0.111714,0.117670
8388608.000000,0.116241,0.121493
