total_elements,PyTorch,Triton
64.000000,0.000054,0.000035
128.000000,0.000094,0.000069
256.000000,0.000226,0.000207
512.000000,0.000304,0.000277
1024.000000,0.000622,0.000772
2048.000000,0.001107,0.000948
4096.000000,0.001971,0.002771
8192.000000,0.004420,0.003147
