total_elements,PyTorch,Triton
4096.000000,0.003922,0.004023
8192.000000,0.007648,0.007843
16384.000000,0.014979,0.014763
32768.000000,0.026151,0.025717
65536.000000,0.043640,0.044006
131072.000000,0.067864,0.066707
262144.000000,0.096906,0.095256
524288.000000,0.123562,0.124193
1048576.000000,0.140699,0.141995
2097152.000000,0.150190,0.155873
4194304.000000,0.156962,0.161863
8388608.000000,0.159987,0.165947
