total_elements,PyTorch,Triton
4096.000000,0.004314,0.004309
8192.000000,0.008479,0.007678
16384.000000,0.015897,0.015505
32768.000000,0.027169,0.026944
65536.000000,0.045687,0.045349
131072.000000,0.065841,0.063481
262144.000000,0.091120,0.088627
524288.000000,0.110189,0.111342
1048576.000000,0.116621,0.118030
2097152.000000,0.123340,0.123409
4194304.000000,0.127478,0.127144
8388608.000000,0.129229,0.129059
