total_elements,PyTorch,Triton
4096.000000,0.001737,0.002033
8192.000000,0.003243,0.003625
16384.000000,0.006470,0.007527
32768.000000,0.011979,0.013543
65536.000000,0.022917,0.025040
131072.000000,0.037794,0.039731
262144.000000,0.054366,0.060451
524288.000000,0.075285,0.082133
1048576.000000,0.091896,0.100204
2097152.000000,0.103401,0.111538
4194304.000000,0.111331,0.118465
8388608.000000,0.116104,0.121974
