total_elements,PyTorch,Triton
4096.000000,0.004711,0.004563
8192.000000,0.008246,0.008607
16384.000000,0.016732,0.016880
32768.000000,0.028304,0.026652
65536.000000,0.046057,0.045619
131072.000000,0.067963,0.065465
262144.000000,0.090516,0.090704
524288.000000,0.107689,0.112287
1048576.000000,0.118078,0.119414
2097152.000000,0.124117,0.123916
4194304.000000,0.127249,0.127471
8388608.000000,0.129210,0.129067
