total_elements,PyTorch,Triton
4096.000000,0.000551,0.000049
8192.000000,0.000471,0.000098
16384.000000,0.000905,0.000194
32768.000000,0.001770,0.000390
65536.000000,0.003514,0.000780
131072.000000,0.006555,0.001554
262144.000000,0.013965,0.003098
524288.000000,0.024147,0.006296
1048576.000000,0.035018,0.012345
2097152.000000,0.039931,0.024677
4194304.000000,0.043631,0.048880
8388608.000000,0.045687,0.057783
