total_elements,PyTorch,Triton
4096.000000,0.001854,0.002185
8192.000000,0.003376,0.004053
16384.000000,0.006419,0.007464
32768.000000,0.012599,0.013788
65536.000000,0.022271,0.024816
131072.000000,0.037485,0.040079
262144.000000,0.052044,0.058194
524288.000000,0.068945,0.079463
1048576.000000,0.079809,0.084491
2097152.000000,0.087198,0.090827
4194304.000000,0.092614,0.094042
8388608.000000,0.095262,0.095543
