total_elements,PyTorch,Triton
4096.000000,0.001654,0.000096
8192.000000,0.003080,0.000191
16384.000000,0.006124,0.000383
32768.000000,0.011469,0.000782
65536.000000,0.020599,0.002037
131072.000000,0.034147,0.003124
262144.000000,0.050228,0.006223
524288.000000,0.058072,0.012255
1048576.000000,0.065804,0.024659
2097152.000000,0.066709,0.048262
4194304.000000,0.069541,0.065086
8388608.000000,0.071145,0.065974
