size,PyTorch,Triton
256.000000,0.047589,0.046907
512.000000,0.089388,0.090217
1024.000000,0.117370,0.119862
2048.000000,0.127098,0.127470
4096.000000,0.130417,0.130111
8192.000000,0.131173,0.130792
