total_elements,PyTorch,Triton
4096.000000,0.001664,0.002151
8192.000000,0.003348,0.004398
16384.000000,0.007023,0.008752
32768.000000,0.013145,0.015523
65536.000000,0.023611,0.027347
131072.000000,0.038567,0.040668
262144.000000,0.054222,0.060198
524288.000000,0.069519,0.084356
1048576.000000,0.078636,0.084894
2097152.000000,0.087761,0.089419
4194304.000000,0.092631,0.093825
8388608.000000,0.095651,0.095616
