total_elements,PyTorch,Triton
4096.000000,0.001793,0.002115
8192.000000,0.003368,0.004143
16384.000000,0.006780,0.007599
32768.000000,0.013086,0.014723
65536.000000,0.022805,0.026630
131072.000000,0.037063,0.039237
262144.000000,0.052875,0.058745
524288.000000,0.068114,0.081508
1048576.000000,0.077740,0.086245
2097152.000000,0.087786,0.091596
4194304.000000,0.092578,0.094231
8388608.000000,0.095490,0.095621
