total_elements,PyTorch,Triton
4096.000000,0.001918,0.002398
8192.000000,0.003627,0.004174
16384.000000,0.006837,0.008783
32768.000000,0.013323,0.015830
65536.000000,0.023684,0.027992
131072.000000,0.039142,0.041347
262144.000000,0.054383,0.059938
524288.000000,0.069965,0.084092
1048576.000000,0.078431,0.084703
2097152.000000,0.087808,0.089719
4194304.000000,0.092807,0.093736
8388608.000000,0.095579,0.095554
