total_elements,PyTorch,Triton
4096.000000,0.004108,0.004182
8192.000000,0.008153,0.007950
16384.000000,0.014980,0.015568
32768.000000,0.026321,0.025687
65536.000000,0.044055,0.041913
131072.000000,0.065005,0.062599
262144.000000,0.091922,0.088107
524288.000000,0.109399,0.110383
1048576.000000,0.117009,0.118596
2097152.000000,0.123610,0.123326
4194304.000000,0.127299,0.127054
8388608.000000,0.129290,0.129049
