total_elements,PyTorch,Triton
4096.000000,0.004375,0.004021
8192.000000,0.008247,0.007909
16384.000000,0.016270,0.015715
32768.000000,0.026468,0.026731
65536.000000,0.045844,0.043541
131072.000000,0.065264,0.062781
262144.000000,0.088777,0.087654
524288.000000,0.109156,0.110573
1048576.000000,0.116918,0.117888
2097152.000000,0.123534,0.123747
4194304.000000,0.127455,0.127184
8388608.000000,0.129475,0.129147
