total_elements,PyTorch,Triton
4096.000000,0.001930,0.002436
8192.000000,0.003704,0.004387
16384.000000,0.006686,0.008919
32768.000000,0.013710,0.015471
65536.000000,0.023523,0.027768
131072.000000,0.039076,0.041680
262144.000000,0.053891,0.061102
524288.000000,0.069140,0.083643
1048576.000000,0.079399,0.084711
2097152.000000,0.087636,0.089620
4194304.000000,0.092790,0.093826
8388608.000000,0.095237,0.012733
