total_elements,PyTorch,Triton
4096.000000,0.004060,0.003844
8192.000000,0.007829,0.007561
16384.000000,0.014702,0.014205
32768.000000,0.025177,0.024405
65536.000000,0.044320,0.042776
131072.000000,0.067096,0.066114
262144.000000,0.096900,0.095292
524288.000000,0.126950,0.123441
1048576.000000,0.140558,0.141860
2097152.000000,0.150442,0.155899
4194304.000000,0.157099,0.163643
8388608.000000,0.159927,0.167122
