total_elements,PyTorch,Triton
4096.000000,0.004513,0.004311
8192.000000,0.008657,0.007945
16384.000000,0.015452,0.015072
32768.000000,0.027411,0.027987
65536.000000,0.045579,0.044778
131072.000000,0.067193,0.065120
262144.000000,0.089139,0.089782
524288.000000,0.106663,0.111599
1048576.000000,0.117223,0.118789
2097152.000000,0.123892,0.123372
4194304.000000,0.127100,0.128567
8388608.000000,0.129032,0.130097
