size,PyTorch,Triton
256.000000,0.046871,0.048168
512.000000,0.088567,0.088857
1024.000000,0.118123,0.118396
2048.000000,0.127164,0.127455
4096.000000,0.130377,0.130053
8192.000000,0.131126,0.130777
