total_elements,PyTorch,Triton
4096.000000,0.001777,0.002184
8192.000000,0.003584,0.004080
16384.000000,0.006961,0.008310
32768.000000,0.013471,0.015201
65536.000000,0.023026,0.026252
131072.000000,0.038374,0.039677
262144.000000,0.053780,0.058689
524288.000000,0.068792,0.081404
1048576.000000,0.078240,0.083719
2097152.000000,0.087306,0.088831
4194304.000000,0.092807,0.093550
8388608.000000,0.095217,0.095461
