total_elements,PyTorch,Triton
4096.000000,0.004433,0.004369
8192.000000,0.008178,0.007968
16384.000000,0.016502,0.015464
32768.000000,0.025878,0.026272
65536.000000,0.045715,0.045629
131072.000000,0.065626,0.064985
262144.000000,0.088850,0.089683
524288.000000,0.107841,0.110427
1048576.000000,0.117118,0.119684
2097152.000000,0.123666,0.123494
4194304.000000,0.127050,0.128489
8388608.000000,0.128991,0.130195
