size,PyTorch,Triton
256.000000,0.023181,0.027986
512.000000,0.054697,0.000592
1024.000000,0.078989,0.084630
2048.000000,0.092899,0.093827
4096.000000,0.096788,0.096541
8192.000000,0.098024,0.097154
