size,PyTorch,Triton
256.000000,0.023752,0.027600
512.000000,0.054944,0.059568
1024.000000,0.078176,0.084693
2048.000000,0.092732,0.093824
4096.000000,0.096999,0.096670
8192.000000,0.098170,0.097170
