total_elements,PyTorch,Triton
4096.000000,0.004352,0.004293
8192.000000,0.008150,0.007867
16384.000000,0.016202,0.014849
32768.000000,0.026898,0.026150
65536.000000,0.044367,0.043378
131072.000000,0.064647,0.063806
262144.000000,0.091754,0.088801
524288.000000,0.109012,0.110475
1048576.000000,0.117088,0.118319
2097152.000000,0.123089,0.123307
4194304.000000,0.127384,0.127122
8388608.000000,0.129401,0.129045
