total_elements,PyTorch,Triton
4096.000000,0.004297,0.003766
8192.000000,0.007762,0.007777
16384.000000,0.015352,0.014674
32768.000000,0.025831,0.024626
65536.000000,0.044163,0.042537
131072.000000,0.062879,0.062754
262144.000000,0.090871,0.088370
524288.000000,0.107095,0.108505
1048576.000000,0.115790,0.118294
2097152.000000,0.123048,0.123005
4194304.000000,0.127094,0.128213
8388608.000000,0.129330,0.130056
