size,PyTorch,Triton
256.000000,0.047842,0.047273
512.000000,0.089267,0.090573
1024.000000,0.118187,0.118446
2048.000000,0.127175,0.127579
4096.000000,0.130239,0.129989
8192.000000,0.131185,0.064562
