total_elements,PyTorch,Triton
4096.000000,0.001676,0.002250
8192.000000,0.003553,0.004288
16384.000000,0.006978,0.008489
32768.000000,0.013163,0.014461
65536.000000,0.026077,0.029946
131072.000000,0.045994,0.051072
262144.000000,0.074190,0.081686
524288.000000,0.110880,0.116350
1048576.000000,0.145512,0.147040
2097152.000000,0.173470,0.170835
4194304.000000,0.192678,0.186798
8388608.000000,0.204823,0.194187
