size,PyTorch,Triton
256.000000,0.024121,0.028046
512.000000,0.054517,0.060167
1024.000000,0.078910,0.084663
2048.000000,0.092891,0.093625
4096.000000,0.097154,0.096645
8192.000000,0.098133,0.097172
