size,PyTorch,Triton
256.000000,0.047844,0.046803
512.000000,0.089101,0.088219
1024.000000,0.117787,0.120008
2048.000000,0.127018,0.127481
4096.000000,0.130380,0.129994
8192.000000,0.131163,0.130830
