total_elements,PyTorch,Triton
4096.000000,0.001869,0.002112
8192.000000,0.003657,0.004126
16384.000000,0.007087,0.008291
32768.000000,0.013463,0.015023
65536.000000,0.023637,0.026606
131072.000000,0.037531,0.039090
262144.000000,0.053864,0.060143
524288.000000,0.069119,0.084093
1048576.000000,0.079385,0.084154
2097152.000000,0.087903,0.089656
4194304.000000,0.092645,0.093826
8388608.000000,0.095262,0.095627
