total_elements,PyTorch,Triton
4096.000000,0.004703,0.004490
8192.000000,0.008497,0.008161
16384.000000,0.016848,0.015728
32768.000000,0.028018,0.027015
65536.000000,0.048055,0.047332
131072.000000,0.068696,0.064370
262144.000000,0.089333,0.090502
524288.000000,0.107315,0.112941
1048576.000000,0.117066,0.120622
2097152.000000,0.123887,0.123981
4194304.000000,0.127432,0.127470
8388608.000000,0.129449,0.129042
