total_elements,PyTorch,Triton
4096.000000,0.001809,0.002197
8192.000000,0.003545,0.004090
16384.000000,0.006655,0.008467
32768.000000,0.012967,0.015101
65536.000000,0.023562,0.027150
131072.000000,0.037109,0.041961
262144.000000,0.053654,0.058015
524288.000000,0.068470,0.079657
1048576.000000,0.078203,0.084591
2097152.000000,0.087822,0.090817
4194304.000000,0.092410,0.093873
8388608.000000,0.095519,0.095479
