total_elements,PyTorch,Triton
4096.000000,0.001701,0.002087
8192.000000,0.003247,0.003899
16384.000000,0.006402,0.007786
32768.000000,0.012065,0.014376
65536.000000,0.023010,0.025801
131072.000000,0.037201,0.039968
262144.000000,0.054838,0.060346
524288.000000,0.074842,0.082326
1048576.000000,0.091023,0.100374
2097152.000000,0.103090,0.111060
4194304.000000,0.112094,0.117956
8388608.000000,0.116005,0.122111
