total_elements,PyTorch,Triton
4096.000000,0.001885,0.002131
8192.000000,0.003571,0.003974
16384.000000,0.006724,0.008343
32768.000000,0.013503,0.015078
65536.000000,0.023571,0.026290
131072.000000,0.038969,0.038340
262144.000000,0.054083,0.059239
524288.000000,0.068909,0.082083
1048576.000000,0.078902,0.083989
2097152.000000,0.087316,0.088962
4194304.000000,0.093264,0.093455
8388608.000000,0.095577,0.095447
