total_elements,PyTorch,Triton
4096.000000,0.001796,0.002183
8192.000000,0.003352,0.004379
16384.000000,0.006773,0.008671
32768.000000,0.012640,0.014206
65536.000000,0.022537,0.025385
131072.000000,0.037500,0.039103
262144.000000,0.053348,0.056343
524288.000000,0.067922,0.079567
1048576.000000,0.078725,0.085730
2097152.000000,0.087745,0.091148
4194304.000000,0.092467,0.094130
8388608.000000,0.095519,0.095686
