total_elements,PyTorch,Triton
4096.000000,0.004088,0.004131
8192.000000,0.008151,0.008004
16384.000000,0.016022,0.016614
32768.000000,0.030983,0.028369
65536.000000,0.053495,0.049653
131072.000000,0.088693,0.087069
262144.000000,0.140421,0.129546
524288.000000,0.188780,0.185381
1048576.000000,0.228144,0.227954
2097152.000000,0.255081,0.251513
4194304.000000,0.272930,0.272226
8388608.000000,0.281162,0.280972
