total_elements,PyTorch,Triton
4096.000000,0.004591,0.004309
8192.000000,0.008218,0.008203
16384.000000,0.015311,0.015487
32768.000000,0.026726,0.025976
65536.000000,0.042952,0.041985
131072.000000,0.063423,0.062667
262144.000000,0.090825,0.088386
524288.000000,0.108504,0.109102
1048576.000000,0.115982,0.117601
2097152.000000,0.123170,0.122758
4194304.000000,0.127233,0.128234
8388608.000000,0.129081,0.130201
