size,PyTorch,Triton
256.000000,0.023966,0.026592
512.000000,0.054417,0.059802
1024.000000,0.078701,0.084931
2048.000000,0.092749,0.093796
4096.000000,0.097101,0.096593
8192.000000,0.098066,0.097232
