total_elements,PyTorch,Triton
4096.000000,0.003921,0.003791
8192.000000,0.007761,0.007441
16384.000000,0.014447,0.014131
32768.000000,0.025190,0.024622
65536.000000,0.044013,0.043473
131072.000000,0.067913,0.066827
262144.000000,0.097299,0.097151
524288.000000,0.127553,0.122719
1048576.000000,0.141244,0.143241
2097152.000000,0.150106,0.155245
4194304.000000,0.156148,0.163495
8388608.000000,0.160077,0.049267
