tot_elements,PyTorch,Triton
4096.000000,157.449528,93.076822
8192.000000,264.607717,117.669894
16384.000000,368.222608,187.935233
32768.000000,449.773566,139.115609
65536.000000,490.074588,201.147318
131072.000000,547.482958,206.850982
262144.000000,565.288041,266.703851
524288.000000,581.840932,273.946542
1048576.000000,605.240725,310.327249
2097152.000000,604.318452,318.744820
4194304.000000,612.530233,325.226681
8388608.000000,609.058021,324.491856
