tot_elements,PyTorch,Triton
4096.000000,87.813148,58.501387
8192.000000,117.344174,71.204603
16384.000000,129.242103,78.476709
32768.000000,144.215621,83.180479
65536.000000,147.002246,82.478345
131072.000000,125.636981,73.122615
262144.000000,127.761837,72.772411
524288.000000,128.113970,72.476064
1048576.000000,128.696426,72.487176
2097152.000000,128.856195,72.484451
4194304.000000,128.756866,72.689001
8388608.000000,128.793521,72.776450
