tot_elements,PyTorch,Triton
4096.000000,218.021330,127.825084
8192.000000,311.849250,181.818707
16384.000000,360.680159,199.233458
32768.000000,369.909864,192.402624
65536.000000,384.891070,199.804406
131072.000000,395.297600,204.698653
262144.000000,402.267126,207.566747
524288.000000,405.407386,208.955599
1048576.000000,407.342626,209.829650
2097152.000000,407.381949,209.621817
4194304.000000,406.851757,209.835109
8388608.000000,406.803217,208.949037
