tot_elements,PyTorch,Triton
4096.000000,219.542910,126.822304
8192.000000,313.984631,178.911937
16384.000000,362.157374,196.828738
32768.000000,370.399802,190.505432
65536.000000,385.682384,198.190132
131072.000000,395.460742,203.146853
262144.000000,402.266924,205.765963
524288.000000,405.743996,207.157861
1048576.000000,407.226264,208.080877
2097152.000000,407.226882,207.648210
4194304.000000,407.172775,207.815163
8388608.000000,406.749252,207.723819
