total_elements,PyTorch,Triton
4096.000000,0.001679,0.002052
8192.000000,0.003536,0.004220
16384.000000,0.006851,0.008388
32768.000000,0.012829,0.015055
65536.000000,0.025297,0.029659
131072.000000,0.045602,0.051137
262144.000000,0.073445,0.081105
524288.000000,0.111202,0.111427
1048576.000000,0.144566,0.145808
2097152.000000,0.172565,0.170904
4194304.000000,0.192029,0.185055
8388608.000000,0.204471,0.193564
