tot_elements,PyTorch,Triton
4096.000000,206.900425,193.288998
8192.000000,295.448742,294.966061
16384.000000,378.624120,374.491442
32768.000000,421.830155,430.799538
65536.000000,452.326316,467.452843
131072.000000,469.158324,487.788353
262144.000000,479.850350,500.600384
524288.000000,484.850063,505.952772
1048576.000000,487.405898,503.737687
2097152.000000,488.782857,503.913956
4194304.000000,489.107127,501.067083
8388608.000000,491.256832,501.231892
