tot_elements,PyTorch,Triton
4096.000000,225.304695,246.208879
8192.000000,325.497951,382.439736
16384.000000,442.033351,564.145990
32768.000000,544.526226,622.166117
65536.000000,619.337597,672.893923
131072.000000,668.632304,707.175881
262144.000000,695.873722,728.789063
524288.000000,712.277133,736.144273
1048576.000000,720.218865,739.713249
2097152.000000,724.386018,745.279388
4194304.000000,728.422547,746.977429
8388608.000000,730.375673,748.393508
