tot_elements,PyTorch,Triton
4096.000000,97.002916,59.759276
8192.000000,126.249581,68.746779
16384.000000,132.262784,73.601904
32768.000000,140.141420,83.737989
65536.000000,148.474064,87.981258
131072.000000,125.696171,73.098346
262144.000000,128.172649,72.561261
524288.000000,128.369367,72.545209
1048576.000000,128.732310,72.446075
2097152.000000,128.919856,72.945312
4194304.000000,128.724833,72.419880
8388608.000000,128.773143,72.634849
