tot_elements,PyTorch,Triton
4096.000000,210.997793,203.715400
8192.000000,296.717034,295.838969
16384.000000,375.330871,375.915468
32768.000000,421.658564,444.947532
65536.000000,452.583505,464.930097
131072.000000,468.339387,486.781402
262144.000000,479.854201,497.406273
524288.000000,484.628114,501.973851
1048576.000000,487.143134,498.326772
2097152.000000,489.006399,499.712059
4194304.000000,489.108827,502.278704
8388608.000000,491.168680,502.737090
