tot_elements,PyTorch,Triton
4096.000000,178.837243,203.678829
8192.000000,227.933094,236.552909
16384.000000,288.395064,298.389088
32768.000000,318.298716,331.759160
65536.000000,348.483685,351.579450
131072.000000,362.792457,367.620019
262144.000000,374.979861,375.974802
524288.000000,379.793859,380.182398
1048576.000000,383.871129,388.664590
2097152.000000,385.462957,395.746335
4194304.000000,387.162943,398.953760
8388608.000000,386.874701,400.315792
