tot_elements,PyTorch,Triton
4096.000000,146.397636,154.152437
8192.000000,172.284047,175.115417
16384.000000,196.054651,162.220342
32768.000000,214.956835,215.071355
65536.000000,228.489855,226.933405
131072.000000,244.794837,241.445816
262144.000000,249.960314,245.999582
524288.000000,252.764755,250.787416
1048576.000000,257.417979,257.028347
2097152.000000,258.825105,267.411431
4194304.000000,263.239868,266.897713
8388608.000000,263.299644,268.694757
