tot_elements,PyTorch,Triton
4096.000000,152.453103,150.692445
8192.000000,170.702352,175.681013
16384.000000,195.881241,164.077674
32768.000000,215.204575,211.764423
65536.000000,230.386658,228.420121
131072.000000,242.041947,240.779714
262144.000000,250.269740,245.444876
524288.000000,252.603247,250.466346
1048576.000000,257.368885,256.792021
2097152.000000,258.899997,267.481694
4194304.000000,262.271236,257.172615
8388608.000000,261.896449,270.063014
