tot_elements,PyTorch,Triton
4096.000000,161.655388,92.558484
8192.000000,263.219469,116.896165
16384.000000,368.156000,187.270848
32768.000000,449.373928,139.573681
65536.000000,486.181253,199.234952
131072.000000,546.454991,205.478025
262144.000000,563.101428,265.638537
524288.000000,581.855004,270.303495
1048576.000000,604.410391,310.648266
2097152.000000,603.092256,328.178598
4194304.000000,612.407293,338.548824
8388608.000000,609.327450,341.366438
