tot_elements,PyTorch,Triton
4096.000000,143.945052,145.788136
8192.000000,165.355749,169.645302
16384.000000,198.363603,161.966785
32768.000000,216.774256,213.969018
65536.000000,227.910578,227.192635
131072.000000,244.159827,241.262301
262144.000000,249.632537,246.160091
524288.000000,252.798996,250.834814
1048576.000000,257.207336,256.882580
2097152.000000,258.751486,267.605836
4194304.000000,262.966046,265.165987
8388608.000000,262.113484,270.421346
