tot_elements,PyTorch,Triton
4096.000000,160.379338,94.713308
8192.000000,209.869404,110.362660
16384.000000,215.499288,127.585190
32768.000000,233.964487,139.643147
65536.000000,249.194474,140.628839
131072.000000,209.447321,108.060733
262144.000000,213.323916,109.067325
524288.000000,213.636614,109.753949
1048576.000000,214.245394,109.800693
2097152.000000,214.806200,109.566951
4194304.000000,214.465459,108.603939
8388608.000000,214.699895,109.553262
