tot_elements,PyTorch,Triton
4096.000000,224.894785,246.161203
8192.000000,324.211045,366.699560
16384.000000,448.247819,486.102216
32768.000000,544.123726,592.570945
65536.000000,620.294585,669.573774
131072.000000,669.378118,709.007881
262144.000000,696.552782,731.789611
524288.000000,712.393183,741.753538
1048576.000000,720.404042,744.469070
2097152.000000,723.962308,743.526850
4194304.000000,728.986383,742.556728
8388608.000000,729.611527,743.197035
