tot_elements,PyTorch,Triton
4096.000000,83.006448,70.529675
8192.000000,122.059911,93.652869
16384.000000,175.630789,112.272275
32768.000000,205.998776,119.806988
65536.000000,236.866301,149.158835
131072.000000,192.590465,149.292271
262144.000000,195.139233,130.167166
524288.000000,200.008866,133.638013
1048576.000000,199.204886,133.575546
2097152.000000,198.298085,133.912663
4194304.000000,199.259484,133.499227
8388608.000000,200.048122,133.785503
