tot_elements,PyTorch,Triton
4096.000000,178.461290,202.233442
8192.000000,231.829007,247.989620
16384.000000,277.738491,290.521876
32768.000000,313.954367,334.732542
65536.000000,351.070342,353.895763
131072.000000,364.290896,368.257093
262144.000000,375.417349,374.946727
524288.000000,379.673854,379.826103
1048576.000000,384.165746,388.711688
2097152.000000,385.697297,395.855978
4194304.000000,386.965916,398.954278
8388608.000000,387.020675,400.273998
