tot_elements,PyTorch,Triton
4096.000000,178.831202,208.896486
8192.000000,235.104756,256.379757
16384.000000,294.172465,293.838654
32768.000000,319.100397,337.396036
65536.000000,348.659407,355.031012
131072.000000,362.893643,366.831580
262144.000000,375.294048,375.167660
524288.000000,379.665660,379.995019
1048576.000000,384.230161,388.771775
2097152.000000,384.784786,395.767573
4194304.000000,387.000455,398.854499
8388608.000000,386.864643,400.260242
