tot_elements,PyTorch,Triton
4096.000000,143.852499,84.352024
8192.000000,206.698703,110.856043
16384.000000,287.712203,156.973194
32768.000000,343.352024,137.816077
65536.000000,395.207631,183.955484
131072.000000,322.095282,170.270508
262144.000000,325.029555,183.098307
524288.000000,333.081175,165.730355
1048576.000000,331.982064,188.547811
2097152.000000,330.534609,189.147389
4194304.000000,331.772364,185.066104
8388608.000000,331.565155,185.595039
