tot_elements,PyTorch,Triton
4096.000000,80.411834,68.007791
8192.000000,121.671731,92.895245
16384.000000,173.760872,122.662424
32768.000000,207.560834,122.400168
65536.000000,234.096580,150.268252
131072.000000,191.268335,149.304321
262144.000000,195.359681,130.794694
524288.000000,199.056145,133.623676
1048576.000000,199.027713,133.578441
2097152.000000,197.680027,133.522553
4194304.000000,197.591447,134.296206
8388608.000000,197.182832,133.474485
