total_elements,PyTorch,Triton
4096.000000,0.002592,0.001336
8192.000000,0.004881,0.002721
16384.000000,0.010092,0.005858
32768.000000,0.018426,0.010243
65536.000000,0.032194,0.018750
131072.000000,0.055583,0.038365
262144.000000,0.085261,0.056669
524288.000000,0.108401,0.064417
1048576.000000,0.121086,0.069928
2097152.000000,0.131282,0.073850
4194304.000000,0.137932,0.075905
8388608.000000,0.141640,0.077722
