tot_elements,PyTorch,Triton
4096.000000,141.108687,137.920339
8192.000000,180.842587,161.460469
16384.000000,197.889653,160.985139
32768.000000,216.265254,212.095020
65536.000000,229.923017,226.152937
131072.000000,244.630273,240.995728
262144.000000,250.095847,245.647387
524288.000000,252.915789,250.520943
1048576.000000,257.343884,256.930981
2097152.000000,258.725443,267.293286
4194304.000000,261.915600,267.857291
8388608.000000,267.203081,256.553946
