tot_elements,PyTorch,Triton
4096.000000,225.771125,240.692089
8192.000000,331.181968,359.115969
16384.000000,446.915850,478.840163
32768.000000,550.394178,592.994515
65536.000000,619.123095,661.045853
131072.000000,669.578154,700.877362
262144.000000,695.645490,723.832918
524288.000000,712.228921,728.466927
1048576.000000,720.034398,740.036006
2097152.000000,724.931717,737.095368
4194304.000000,728.691661,732.766041
8388608.000000,730.003064,677.119529
