tot_elements,PyTorch,Triton
4096.000000,257.908580,116.831645
8192.000000,323.531016,137.415587
16384.000000,349.711383,152.392010
32768.000000,371.153902,173.809223
65536.000000,397.265577,139.635797
131072.000000,334.700020,140.742432
262144.000000,341.946974,143.378539
524288.000000,342.309596,142.797485
1048576.000000,343.008152,142.846437
2097152.000000,343.793789,144.595764
4194304.000000,343.420894,143.588446
8388608.000000,342.900788,143.901744
