tot_elements,PyTorch,Triton
4096.000000,351.278464,182.740597
8192.000000,497.766607,246.437886
16384.000000,580.555405,234.865531
32768.000000,591.451599,250.498351
65536.000000,616.577093,259.580138
131072.000000,632.756523,265.425306
262144.000000,643.701640,268.795234
524288.000000,648.716615,269.439356
1048576.000000,651.925476,271.121817
2097152.000000,652.176315,271.357824
4194304.000000,650.914921,270.972864
8388608.000000,650.959094,271.314993
