tot_elements,PyTorch,Triton
16.000000,0.958040,1.437454
32.000000,1.885023,2.602500
64.000000,3.763605,5.178115
128.000000,7.190054,9.569820
256.000000,13.236406,18.847695
512.000000,24.699960,30.720001
1024.000000,38.231201,44.579530
2048.000000,63.710786,70.776049
4096.000000,86.398026,88.642759
8192.000000,116.724690,105.143863
16384.000000,131.584011,117.368101
