tot_elements,PyTorch,Triton
4096.000000,226.501163,243.599884
8192.000000,330.489131,373.692675
16384.000000,445.129542,559.679930
32768.000000,552.357802,630.504049
65536.000000,619.460325,654.605846
131072.000000,670.191282,701.575990
262144.000000,695.701728,725.942182
524288.000000,712.879428,734.675759
1048576.000000,720.277918,740.115787
2097152.000000,725.274403,744.383755
4194304.000000,728.272087,747.032030
8388608.000000,729.866301,748.448564
