tot_elements,PyTorch,Triton
16.000000,2.920152,2.898909
32.000000,5.777201,5.850416
64.000000,11.281297,11.464243
128.000000,19.981079,19.753317
256.000000,37.440585,38.124894
512.000000,70.499138,70.731556
1024.000000,131.460814,132.569630
2048.000000,205.341613,206.092014
4096.000000,278.055222,287.392361
8192.000000,325.141102,340.655116
16384.000000,427.530274,382.380682
