tot_elements,PyTorch,Triton
16.000000,3.002559,3.082087
32.000000,6.245783,6.126178
64.000000,12.082381,11.767656
128.000000,20.722389,21.371460
256.000000,38.258708,38.129195
512.000000,72.768767,72.890425
1024.000000,133.624638,139.578694
2048.000000,206.991767,216.993441
4096.000000,296.079882,302.644723
8192.000000,347.369636,340.163053
16384.000000,429.919908,379.387873
