tot_elements,PyTorch,Triton
4096.000000,128.871397,145.068097
8192.000000,205.056701,184.082105
16384.000000,246.135382,287.651722
32768.000000,236.931973,223.361816
65536.000000,228.887315,307.651484
131072.000000,243.740715,321.513976
262144.000000,249.669238,413.344735
524288.000000,254.334900,414.893803
1048576.000000,258.415911,473.941640
2097152.000000,258.634689,414.041790
4194304.000000,260.321752,487.013210
8388608.000000,260.459147,478.085529
