tot_elements,PyTorch,Triton
4096.000000,155.320790,182.766821
8192.000000,218.426708,246.055933
16384.000000,213.147829,236.338590
32768.000000,202.966569,249.508342
65536.000000,187.142547,260.008091
131072.000000,190.921698,265.782795
262144.000000,193.433152,269.072066
524288.000000,194.746886,270.082298
1048576.000000,195.484311,270.925135
2097152.000000,195.670927,271.099556
4194304.000000,195.787381,270.874229
8388608.000000,195.666353,270.606083
