tot_elements,PyTorch,Triton
16.000000,2.258254,2.934760
32.000000,4.783421,5.921357
64.000000,9.196594,11.721937
128.000000,17.490101,23.254948
256.000000,36.671557,40.042661
512.000000,66.939479,74.093082
1024.000000,119.732888,143.604785
2048.000000,243.238371,267.341776
4096.000000,377.098519,401.361056
8192.000000,463.086919,515.287020
16384.000000,573.371457,590.970060
