tot_elements,PyTorch,Triton
16.000000,0.617406,1.414962
32.000000,1.179723,2.769078
64.000000,2.907561,5.485714
128.000000,5.671190,10.302698
256.000000,10.881648,20.038180
512.000000,20.234562,33.856378
1024.000000,32.574963,54.057879
2048.000000,55.478037,82.284877
4096.000000,88.877245,122.951150
8192.000000,119.004634,153.948460
16384.000000,147.580475,185.950684
