tot_elements,PyTorch,Triton
16.000000,0.613342,1.404422
32.000000,1.193881,2.689456
64.000000,2.911593,5.183406
128.000000,5.665574,11.104358
256.000000,10.992693,19.446990
512.000000,20.342483,34.967414
1024.000000,32.723155,54.454583
2048.000000,55.677043,82.841742
4096.000000,88.533363,122.657114
8192.000000,118.702321,155.029646
16384.000000,148.132120,185.834096
