tot_elements,PyTorch,Triton
16.000000,2.283540,3.110227
32.000000,4.631325,6.108901
64.000000,9.262650,12.358104
128.000000,17.681963,23.964258
256.000000,35.758729,40.727972
512.000000,65.128650,75.399237
1024.000000,119.141788,151.152365
2048.000000,233.771181,264.775705
4096.000000,363.138774,424.445846
8192.000000,463.146893,503.897868
16384.000000,588.801838,585.279944
