tot_elements,PyTorch,Triton
4096.000000,216.313362,130.785998
8192.000000,323.719711,170.706497
16384.000000,463.492513,238.905813
32768.000000,550.703243,219.277534
65536.000000,630.150018,278.862696
131072.000000,511.755181,249.695982
262144.000000,520.258756,258.437799
524288.000000,533.037615,250.333713
1048576.000000,531.006150,258.449189
2097152.000000,529.076306,259.683685
4194304.000000,534.570920,263.987365
8388608.000000,526.299877,261.797827
