tot_elements,PyTorch,Triton
4096.000000,201.561285,205.546996
8192.000000,288.723723,296.485520
16384.000000,371.659768,374.195800
32768.000000,422.473527,452.026161
65536.000000,450.304305,465.470501
131072.000000,468.164411,486.332835
262144.000000,479.839818,496.305986
524288.000000,484.547294,503.095694
1048576.000000,487.503997,498.218500
2097152.000000,488.618639,498.633834
4194304.000000,489.238437,502.561831
8388608.000000,487.942110,503.604262
