tot_elements,PyTorch,Triton
16.000000,0.961005,1.344944
32.000000,1.856430,2.595399
64.000000,3.751294,4.994601
128.000000,7.164241,9.701802
256.000000,13.258418,17.647728
512.000000,24.222664,30.912137
1024.000000,37.960325,45.904669
2048.000000,62.606698,71.485158
4096.000000,86.727859,87.642714
8192.000000,116.039218,103.967770
16384.000000,130.967387,116.766882
