tot_elements,PyTorch,Triton
4096.000000,210.997832,200.388670
8192.000000,298.715649,288.688262
16384.000000,382.146679,372.320043
32768.000000,420.753633,425.019186
65536.000000,451.163485,464.333108
131072.000000,469.347738,485.069777
262144.000000,479.818789,496.792619
524288.000000,484.817006,500.955760
1048576.000000,487.415885,500.804609
2097152.000000,488.812036,498.789754
4194304.000000,489.144774,496.804492
8388608.000000,487.436530,512.369868
