tot_elements,PyTorch,Triton
4096.000000,165.540976,182.199212
8192.000000,255.554296,289.387110
16384.000000,271.902272,313.546207
32768.000000,295.987049,313.536021
65536.000000,355.867357,358.338836
131072.000000,365.523791,371.066064
262144.000000,377.743550,376.903316
524288.000000,380.478578,380.758266
1048576.000000,383.698097,387.207281
2097152.000000,385.480641,394.362488
4194304.000000,387.139868,397.566568
8388608.000000,387.111427,398.837685
