tot_elements,PyTorch,Triton
4096.000000,259.545641,145.897717
8192.000000,426.493352,184.659531
16384.000000,590.486595,288.147076
32768.000000,718.855403,222.539044
65536.000000,778.191361,312.932170
131072.000000,874.447755,319.999087
262144.000000,902.596333,412.010782
524288.000000,929.993902,417.283448
1048576.000000,967.933519,459.824390
2097152.000000,966.598131,437.493115
4194304.000000,980.172193,459.026007
8388608.000000,977.235087,440.814305
