vocab_size,PyTorch,Triton
1024.000000,392.449913,514.507333
2048.000000,400.697037,502.946453
4096.000000,373.101073,482.744301
8192.000000,323.724439,447.335576
16384.000000,294.005607,395.662235
32768.000000,274.872788,341.130045
65536.000000,263.672162,296.750541
131072.000000,257.696767,269.885508
262144.000000,253.743371,255.680223
524288.000000,251.900883,248.665333
