vocab_size,PyTorch,Triton
1024.000000,373.817807,349.652318
2048.000000,362.707483,338.908996
4096.000000,324.875651,315.979205
8192.000000,252.533838,263.414554
16384.000000,174.818744,198.790725
32768.000000,110.704000,138.536474
65536.000000,67.625577,91.914360
131072.000000,42.694995,58.042666
262144.000000,25.232472,33.921591
524288.000000,14.007214,18.635358
