tot_elements,PyTorch,Triton
4096.000000,164.493459,161.673917
8192.000000,256.105633,242.297187
16384.000000,369.234341,334.072202
32768.000000,401.396995,400.779563
65536.000000,438.211470,449.385201
131072.000000,461.581328,476.339470
262144.000000,474.589513,493.998506
524288.000000,482.225883,500.408744
1048576.000000,485.508025,503.319491
2097152.000000,487.402346,504.754702
4194304.000000,488.700681,503.752600
8388608.000000,489.618026,504.346978
