tot_elements,PyTorch,Triton
4096.000000,132.119426,134.440775
8192.000000,186.299458,185.693783
16384.000000,242.201360,241.674819
32768.000000,246.022409,250.516261
65536.000000,230.956291,236.912073
131072.000000,236.966855,244.238427
262144.000000,241.112589,248.206641
524288.000000,243.173770,250.438935
1048576.000000,243.988467,250.952204
2097152.000000,244.420379,251.198148
4194304.000000,244.472425,251.442721
8388608.000000,244.388228,251.081461
