tot_elements,PyTorch,Triton
4096.000000,131.548067,131.546253
8192.000000,185.999753,184.497859
16384.000000,242.104246,240.451197
32768.000000,246.264796,249.603999
65536.000000,230.989174,237.015209
131072.000000,237.177478,244.299990
262144.000000,241.075228,248.606138
524288.000000,242.933287,250.872205
1048576.000000,243.964077,251.161257
2097152.000000,244.484033,251.732996
4194304.000000,244.309373,251.989403
8388608.000000,244.366605,251.520537
