tot_elements,PyTorch,Triton
4096.000000,164.270704,175.484000
8192.000000,249.045074,249.697920
16384.000000,371.302893,376.982631
32768.000000,401.685447,429.880417
65536.000000,438.297149,453.522603
131072.000000,461.311828,477.920845
262144.000000,474.832798,493.391929
524288.000000,482.164807,498.949955
1048576.000000,485.686936,502.379221
2097152.000000,487.405669,502.775124
4194304.000000,488.625178,502.596697
8388608.000000,489.515420,502.863599
