N,PyTorch,Triton
512.000000,2.982857,3.683963
1024.000000,3.841356,5.315431
1536.000000,4.233202,6.000626
2048.000000,4.435835,6.427929
2560.000000,4.578175,6.692073
3072.000000,4.685987,6.899775
3584.000000,4.776149,7.038821
4096.000000,4.772237,7.157630
4608.000000,4.811685,7.236210
5120.000000,4.862454,7.325451
5632.000000,4.882296,7.417993
6144.000000,4.919668,7.472408
6656.000000,4.940798,7.516866
7168.000000,4.963416,7.514090
7680.000000,4.969005,7.554483
8192.000000,4.964587,7.582564
