N,PyTorch,Triton
512.000000,5.499668,17.259570
1024.000000,0.892011,3.017822
1536.000000,0.340693,0.973597
2048.000000,0.149602,0.430164
2560.000000,0.078200,0.226470
3072.000000,0.046057,0.139988
3584.000000,0.029360,0.103419
