N,PyTorch,Triton
512.000000,0.643275,0.985572
1024.000000,0.134355,0.256114
1536.000000,0.048188,0.097056
2048.000000,0.022302,0.047101
2560.000000,0.012271,0.026049
3072.000000,0.007411,0.016044
3584.000000,0.004823,0.010519
