D,PyTorch,Triton
256.000000,76.172931,95.589097
512.000000,76.580237,95.883478
768.000000,76.841344,95.848206
1024.000000,76.839510,95.697368
1280.000000,76.667744,95.731304
1536.000000,76.919039,95.888106
1792.000000,77.158023,95.964063
2048.000000,77.304847,95.800948
2304.000000,77.223241,95.766278
2560.000000,77.314451,95.951792
2816.000000,77.133540,95.860095
