D,PyTorch,Triton
256.000000,244.943730,251.898183
512.000000,246.393182,249.211956
768.000000,248.640390,249.720760
1024.000000,247.076337,248.838535
1280.000000,250.167111,247.604852
1536.000000,250.540934,248.082145
1792.000000,250.365736,248.606032
2048.000000,250.916539,249.617357
2304.000000,251.529246,247.032940
2560.000000,251.733683,247.773602
2816.000000,252.562567,248.004889
