tot_elements,PyTorch,Triton
4096.000000,168.550022,165.421109
8192.000000,254.113468,248.723968
16384.000000,379.137344,371.161946
32768.000000,404.236570,388.574080
65536.000000,439.643649,399.970233
131072.000000,462.018728,474.742300
262144.000000,474.611670,489.280940
524288.000000,482.065456,494.063105
1048576.000000,485.557805,499.260480
2097152.000000,487.276308,497.816017
4194304.000000,488.632441,497.984072
8388608.000000,488.709591,497.108548
