tot_elements,PyTorch,Triton
4096.000000,130.779754,129.452628
8192.000000,186.401982,186.498934
16384.000000,240.558758,235.858029
32768.000000,246.910076,248.448126
65536.000000,230.092048,236.654424
131072.000000,236.980654,244.277445
262144.000000,241.048200,248.447541
524288.000000,242.914156,249.895606
1048576.000000,244.129068,250.818088
2097152.000000,244.657295,251.340282
4194304.000000,244.250984,250.830120
8388608.000000,244.385311,251.293665
