total_elements,PyTorch,Triton
64.000000,0.000080,0.000019
128.000000,0.000053,0.000052
256.000000,0.000140,0.000185
512.000000,0.000398,0.000386
1024.000000,0.001170,0.001247
2048.000000,0.003347,0.003295
4096.000000,0.009082,0.009808
8192.000000,0.009078,0.022477
