total_elements,PyTorch,Triton
64.000000,0.000018,0.000001
128.000000,0.000002,0.000001
256.000000,0.000005,0.000002
512.000000,0.000009,0.000004
1024.000000,0.000019,0.000009
2048.000000,0.000037,0.000017
4096.000000,0.000078,0.000035
8192.000000,0.000147,0.000069
