total_elements,PyTorch,Triton
64.000000,0.000192,0.000157
128.000000,0.000511,0.000409
256.000000,0.001484,0.001697
512.000000,0.003597,0.003209
1024.000000,0.010793,0.012488
2048.000000,0.021744,0.018676
4096.000000,0.055283,0.067013
8192.000000,0.072349,0.044910
