tot_elements,PyTorch,Triton
4096.000000,2.104703,1.172570
8192.000000,9.986027,1.423763
16384.000000,20.123914,2.449005
32768.000000,38.637102,5.886459
65536.000000,72.249586,12.348031
131072.000000,131.405037,22.442451
262144.000000,154.430429,43.695214
524288.000000,316.220649,27.149425
1048576.000000,383.079451,162.342377
2097152.000000,357.914681,356.516764
4194304.000000,385.653545,399.084967
8388608.000000,399.113120,413.453302
