tot_elements,PyTorch,Triton
4096.000000,5.870228,8.284950
8192.000000,12.867056,16.187635
16384.000000,25.008741,33.968831
32768.000000,44.736007,65.857097
65536.000000,93.595870,117.742694
131072.000000,160.398129,216.510282
262144.000000,294.842432,350.343130
524288.000000,491.774775,581.012806
1048576.000000,742.115884,817.718920
2097152.000000,960.407115,1054.614184
4194304.000000,1199.179199,1255.770166
8388608.000000,1410.106966,1458.233275
