tot_elements,PyTorch,Triton
16.000000,0.760853,1.341753
32.000000,1.540136,2.774401
64.000000,4.082118,5.245113
128.000000,7.924834,10.499107
256.000000,14.743220,18.980163
512.000000,27.263314,34.158576
1024.000000,44.154083,59.105601
2048.000000,72.050997,86.197966
4096.000000,110.450491,126.830226
8192.000000,151.927206,158.267367
16384.000000,197.115009,189.050513
