tot_elements,PyTorch,Triton
4096.000000,132.446243,123.785670
8192.000000,180.619800,168.262683
16384.000000,197.768525,164.336593
32768.000000,214.429365,212.746012
65536.000000,227.432564,226.980390
131072.000000,241.741446,240.004073
262144.000000,250.667037,246.256429
524288.000000,252.450586,250.888622
1048576.000000,257.385849,256.857829
2097152.000000,258.793931,267.395511
4194304.000000,261.218242,267.835520
8388608.000000,267.029504,256.644669
