tot_elements,PyTorch,Triton
16.000000,1.326258,1.345096
32.000000,2.559609,2.736580
64.000000,5.192408,5.165812
128.000000,9.829680,9.604682
256.000000,17.610140,18.121915
512.000000,30.823216,32.248087
1024.000000,46.347347,45.365648
2048.000000,72.661737,71.790648
4096.000000,115.255025,91.556219
8192.000000,142.149746,109.721270
16384.000000,149.485055,120.465048
