tot_elements,PyTorch,Triton
4096.000000,152.414508,127.514647
8192.000000,241.710137,161.305890
16384.000000,297.130619,252.428870
32768.000000,313.934304,194.002437
65536.000000,327.029184,273.249655
131072.000000,353.174812,282.285742
262144.000000,361.616769,363.639001
524288.000000,369.129771,368.522593
1048576.000000,377.317431,418.353794
2097152.000000,377.034904,437.620553
4194304.000000,380.330033,438.277772
8388608.000000,379.732130,404.485235
