tot_elements,PyTorch,Triton
4096.000000,304.460341,161.112263
8192.000000,436.276460,217.631477
16384.000000,505.014185,219.167137
32768.000000,518.745159,233.242219
65536.000000,538.998478,241.730435
131072.000000,553.737969,246.977542
262144.000000,563.082238,250.624099
524288.000000,567.687672,251.101569
1048576.000000,570.354829,252.626088
2097152.000000,570.301506,252.770049
4194304.000000,570.157436,252.347497
8388608.000000,569.796094,252.576168
