tot_elements,PyTorch,Triton
4096.000000,205.771065,198.260163
8192.000000,292.968624,294.003725
16384.000000,377.615001,375.596732
32768.000000,422.272718,428.250883
65536.000000,452.487862,467.772060
131072.000000,468.929802,487.037033
262144.000000,479.761541,499.224968
524288.000000,484.391328,503.970233
1048576.000000,487.337227,504.162655
2097152.000000,488.506702,502.422787
4194304.000000,488.916717,501.723356
8388608.000000,487.466884,501.888224
