tot_elements,PyTorch,Triton
16.000000,1.337937,1.363521
32.000000,2.553675,2.588817
64.000000,5.108596,5.010894
128.000000,9.932311,9.802916
256.000000,17.660291,17.552906
512.000000,31.060526,31.229994
1024.000000,46.244135,45.554452
2048.000000,72.356547,70.022634
4096.000000,115.493252,91.996641
8192.000000,139.652274,109.019015
16384.000000,149.597659,118.963123
