tot_elements,PyTorch,Triton
4096.000000,196.732801,115.534537
8192.000000,280.198253,149.855203
16384.000000,401.499002,209.491443
32768.000000,479.697231,193.454428
65536.000000,552.339821,244.846926
131072.000000,448.720415,218.530098
262144.000000,454.118873,226.247404
524288.000000,466.331855,222.604687
1048576.000000,464.786950,227.386199
2097152.000000,462.701236,228.425530
4194304.000000,467.894732,231.243286
8388608.000000,460.304110,228.942381
