tot_elements,PyTorch,Triton
4096.000000,226.126941,242.756036
8192.000000,329.688676,378.934413
16384.000000,445.433792,564.747970
32768.000000,548.953425,626.875941
65536.000000,618.633234,669.099394
131072.000000,669.371021,706.810366
262144.000000,695.523446,729.416468
524288.000000,712.419103,737.412222
1048576.000000,720.163047,740.193313
2097152.000000,723.799570,744.741799
4194304.000000,728.536454,747.110269
8388608.000000,729.901079,747.658318
