total_elements,PyTorch,Triton
4096.000000,0.004473,0.004483
8192.000000,0.008755,0.007988
16384.000000,0.016239,0.015647
32768.000000,0.029412,0.028356
65536.000000,0.052820,0.049677
131072.000000,0.089084,0.086733
262144.000000,0.135246,0.135767
524288.000000,0.192427,0.190317
1048576.000000,0.232526,0.232227
2097152.000000,0.257729,0.257056
4194304.000000,0.272034,0.270793
8388608.000000,0.280907,0.278952
