tot_elements,PyTorch,Triton
4096.000000,221.151163,127.562133
8192.000000,380.480519,162.343200
16384.000000,515.255376,253.470277
32768.000000,629.120939,195.598628
65536.000000,681.928032,275.117714
131072.000000,765.312450,281.660188
262144.000000,790.118347,363.700050
524288.000000,813.701648,369.850590
1048576.000000,846.772122,412.568975
2097152.000000,845.392875,417.973734
4194304.000000,857.911420,416.422614
8388608.000000,854.135752,388.698786
