tot_elements,PyTorch,Triton
16.000000,2.277220,3.081412
32.000000,4.704835,6.141767
64.000000,9.220190,12.368961
128.000000,17.872746,23.673813
256.000000,36.738423,41.403157
512.000000,65.586881,77.362643
1024.000000,117.924980,149.729161
2048.000000,246.510736,269.433414
4096.000000,366.141667,422.188163
8192.000000,465.885536,508.223743
16384.000000,576.320493,584.981680
