tot_elements,PyTorch,Triton
4096.000000,211.608711,207.402121
8192.000000,299.079149,291.814550
16384.000000,379.601785,376.619266
32768.000000,420.531181,444.358340
65536.000000,451.437846,465.468801
131072.000000,469.331271,487.352591
262144.000000,479.861462,498.530616
524288.000000,484.860085,505.507872
1048576.000000,487.742851,501.499431
2097152.000000,489.129969,501.749330
4194304.000000,488.868669,502.369321
8388608.000000,487.487568,503.955796
