total_elements,PyTorch,Triton
4096.000000,0.001763,0.002011
8192.000000,0.003373,0.003850
16384.000000,0.006925,0.007922
32768.000000,0.013064,0.014496
65536.000000,0.025822,0.028167
131072.000000,0.045632,0.049259
262144.000000,0.074073,0.077733
524288.000000,0.110844,0.112518
1048576.000000,0.145923,0.143499
2097152.000000,0.173116,0.170162
4194304.000000,0.193096,0.185811
8388608.000000,0.204327,0.194924
