tot_elements,PyTorch,Triton
16.000000,2.997232,2.950545
32.000000,6.020954,5.847176
64.000000,11.504837,11.493878
128.000000,20.258992,20.639054
256.000000,37.604360,36.197312
512.000000,71.506114,72.643628
1024.000000,133.098321,133.710553
2048.000000,201.374483,208.141748
4096.000000,306.490529,271.029108
8192.000000,319.308059,335.235591
16384.000000,429.305777,380.706037
