tot_elements,PyTorch,Triton
4096.000000,154.898162,173.148721
8192.000000,234.359174,249.583877
16384.000000,268.814572,307.053422
32768.000000,301.140774,310.333511
65536.000000,354.806466,355.498654
131072.000000,366.800548,370.780851
262144.000000,376.907017,376.124476
524288.000000,380.636750,380.726206
1048576.000000,383.394796,388.577578
2097152.000000,385.244411,395.866602
4194304.000000,387.082547,398.931143
8388608.000000,387.170842,400.374679
