tot_elements,PyTorch,Triton
16.000000,2.267717,3.099956
32.000000,4.667522,6.216793
64.000000,9.430213,12.235499
128.000000,18.518305,24.039270
256.000000,35.857385,42.229443
512.000000,65.944171,75.014152
1024.000000,119.348801,149.208542
2048.000000,242.617012,265.451714
4096.000000,379.891635,419.133042
8192.000000,463.999315,477.384576
16384.000000,570.582734,578.720175
