tot_elements,PyTorch,Triton
4096.000000,226.668455,105.730555
8192.000000,281.484507,124.341004
16384.000000,311.797433,141.335813
32768.000000,327.787785,154.219814
65536.000000,349.129241,140.854216
131072.000000,293.318464,131.247943
262144.000000,298.773787,134.246626
524288.000000,299.476123,133.586888
1048576.000000,299.846964,133.608420
2097152.000000,300.457266,135.258848
4194304.000000,300.530018,134.400055
8388608.000000,300.329513,134.457442
