tot_elements,PyTorch,Triton
4096.000000,224.359111,247.728057
8192.000000,330.612671,371.784703
16384.000000,447.751660,487.496117
32768.000000,550.613145,596.107015
65536.000000,618.853122,667.520289
131072.000000,669.788869,706.509210
262144.000000,695.466234,728.616839
524288.000000,712.142577,729.527377
1048576.000000,720.019279,743.972466
2097152.000000,724.668326,741.011577
4194304.000000,728.319747,739.591205
8388608.000000,729.927105,685.022922
