tot_elements,PyTorch,Triton
16.000000,0.801381,1.347542
32.000000,1.568829,2.816594
64.000000,4.049340,5.227589
128.000000,7.885641,11.197300
256.000000,14.573816,19.809388
512.000000,27.572749,36.109998
1024.000000,43.177640,55.823119
2048.000000,68.926149,84.071075
4096.000000,110.605818,125.430718
8192.000000,153.704374,158.024825
16384.000000,197.759401,187.055584
