tot_elements,PyTorch,Triton
4096.000000,181.944920,161.309192
8192.000000,255.446096,218.177892
16384.000000,267.766644,220.375962
32768.000000,282.510438,231.797332
65536.000000,272.371730,242.952902
131072.000000,278.460994,248.317481
262144.000000,281.908492,251.721239
524288.000000,283.928402,253.098918
1048576.000000,285.183874,253.761959
2097152.000000,285.239052,253.901181
4194304.000000,285.300283,253.763757
8388608.000000,285.179107,253.632227
