tot_elements,PyTorch,Triton
16.000000,2.960056,2.922576
32.000000,5.901502,6.002984
64.000000,11.581328,11.555192
128.000000,20.093954,20.018957
256.000000,37.219963,37.638677
512.000000,72.139622,72.390751
1024.000000,132.569630,133.703937
2048.000000,203.145934,207.955883
4096.000000,289.950919,294.258677
8192.000000,348.905032,341.602409
16384.000000,431.232997,381.247687
