tot_elements,PyTorch,Triton
4096.000000,134.442672,137.604315
8192.000000,175.442368,178.000264
16384.000000,199.544164,229.062942
32768.000000,223.776144,226.663471
65536.000000,226.635480,231.206281
131072.000000,236.907046,239.248664
262144.000000,243.746308,244.769070
524288.000000,245.608519,249.103426
1048576.000000,247.888065,254.678702
2097152.000000,247.576058,259.078335
4194304.000000,248.655552,261.144971
8388608.000000,249.833196,262.123634
