tot_elements,PyTorch,Triton
4096.000000,93.070172,91.495358
8192.000000,114.050583,105.857536
16384.000000,129.782654,135.989856
32768.000000,137.045605,142.353785
65536.000000,143.618683,144.286639
131072.000000,143.258795,144.223121
262144.000000,125.554404,126.034606
524288.000000,125.396213,126.140725
1048576.000000,126.185757,129.740300
2097152.000000,126.195196,131.098158
4194304.000000,125.257731,129.705456
8388608.000000,126.441837,125.823878
