tot_elements,PyTorch,Triton
4096.000000,2.700279,6.545630
8192.000000,5.186937,11.491001
16384.000000,10.267380,21.043815
32768.000000,17.680817,35.698414
65536.000000,34.593668,62.644128
131072.000000,52.578089,90.129425
262144.000000,88.234254,107.621542
524288.000000,115.695798,131.615503
1048576.000000,138.694529,142.440075
2097152.000000,145.172259,148.664516
4194304.000000,131.755918,147.982645
8388608.000000,94.562411,125.468831
