tot_elements,PyTorch,Triton
4096.000000,4.906110,7.524241
8192.000000,8.680048,12.574511
16384.000000,15.981154,24.043887
32768.000000,26.430635,43.911606
65536.000000,50.629817,85.429870
131072.000000,74.145239,131.012679
262144.000000,128.018877,200.966708
524288.000000,145.805279,255.670243
1048576.000000,268.059344,312.749887
2097152.000000,289.007524,350.418939
4194304.000000,313.133345,370.164461
8388608.000000,343.036186,382.969247
