tot_elements,PyTorch,Triton
16.000000,0.463820,0.725508
32.000000,0.882293,1.518557
64.000000,2.585375,2.795712
128.000000,4.888292,5.630725
256.000000,8.805070,10.509651
512.000000,16.289945,19.141294
1024.000000,25.344711,29.010634
2048.000000,42.882499,45.129283
4096.000000,75.006556,69.495521
8192.000000,104.649851,94.115842
16384.000000,142.084222,123.223281
