tot_elements,PyTorch,Triton
4096.000000,180.200577,128.515368
8192.000000,264.827596,183.301439
16384.000000,286.552311,199.510399
32768.000000,277.175513,192.314574
65536.000000,289.816922,199.741907
131072.000000,296.513895,204.601729
262144.000000,301.744061,207.266837
524288.000000,304.045128,208.760067
1048576.000000,305.289579,209.485729
2097152.000000,305.425431,209.251941
4194304.000000,305.255179,209.549952
8388608.000000,305.052681,209.852740
