tot_elements,PyTorch,Triton
4096.000000,229.087512,250.669548
8192.000000,328.099215,392.089548
16384.000000,448.076624,562.961353
32768.000000,546.504229,625.715530
65536.000000,617.998420,670.217811
131072.000000,669.554794,702.888711
262144.000000,694.980494,727.372822
524288.000000,712.062258,735.172506
1048576.000000,720.263327,740.006336
2097152.000000,724.545212,745.005526
4194304.000000,728.119884,746.964049
8388608.000000,729.308112,748.191592
