tot_elements,PyTorch,Triton
4096.000000,206.076133,206.948546
8192.000000,296.552913,290.382034
16384.000000,378.911033,382.109111
32768.000000,423.053442,441.998385
65536.000000,451.147998,464.025769
131072.000000,468.905129,486.289004
262144.000000,479.728425,498.049277
524288.000000,484.811265,500.703014
1048576.000000,487.625507,498.660851
2097152.000000,488.773026,497.226255
4194304.000000,490.317434,502.228928
8388608.000000,488.874224,503.046093
