total_elements,PyTorch,Triton
4096.000000,0.000768,0.000563
8192.000000,0.002023,0.001118
16384.000000,0.004027,0.002342
32768.000000,0.009815,0.004077
65536.000000,0.008909,0.009212
131072.000000,0.029086,0.016871
262144.000000,0.057104,0.032173
524288.000000,0.082306,0.058153
1048576.000000,0.090287,0.069593
2097152.000000,0.097842,0.073358
4194304.000000,0.103401,0.075954
8388608.000000,0.105997,0.077704
