total_elements,PyTorch,Triton
4096.000000,0.000581,0.000268
8192.000000,0.000323,0.000685
16384.000000,0.000694,0.001381
32768.000000,0.003459,0.002064
65536.000000,0.004031,0.004550
131072.000000,0.006635,0.007994
262144.000000,0.010696,0.017997
524288.000000,0.021277,0.016906
1048576.000000,0.022503,0.051195
2097152.000000,0.058870,0.061279
4194304.000000,0.064295,0.066512
8388608.000000,0.067620,0.068902
