tot_elements,PyTorch,Triton
4096.000000,179.905244,206.282446
8192.000000,233.321582,245.051804
16384.000000,280.720050,295.153858
32768.000000,315.413112,337.773384
65536.000000,351.045787,355.726925
131072.000000,363.103914,365.765637
262144.000000,374.953221,375.681077
524288.000000,379.859379,379.607203
1048576.000000,384.002315,389.039863
2097152.000000,385.715707,395.812234
4194304.000000,387.238489,398.950414
8388608.000000,387.080905,400.357262
