tot_elements,PyTorch,Triton
16.000000,0.771000,0.723376
32.000000,1.506316,1.482836
64.000000,2.953221,2.851191
128.000000,5.962690,5.579684
256.000000,10.414855,9.638410
512.000000,19.753297,17.324054
1024.000000,29.679842,25.709085
2048.000000,57.178111,41.557061
4096.000000,82.660660,58.868585
8192.000000,104.476932,70.319509
16384.000000,115.517813,76.026983
