tot_elements,PyTorch,Triton
4096.000000,161.141573,92.427938
8192.000000,265.861841,117.508050
16384.000000,367.061015,187.981270
32768.000000,449.943495,138.725565
65536.000000,488.780962,199.742346
131072.000000,546.944498,205.839153
262144.000000,565.642184,266.278666
524288.000000,581.122467,272.842539
1048576.000000,605.186266,306.952427
2097152.000000,603.569065,311.821439
4194304.000000,613.339538,312.854607
8388608.000000,610.494403,311.405533
