tot_elements,PyTorch,Triton
4096.000000,227.846945,241.006441
8192.000000,330.279400,363.184654
16384.000000,449.747796,479.963333
32768.000000,550.744581,595.930590
65536.000000,618.878805,664.797351
131072.000000,669.149897,703.610118
262144.000000,695.465160,727.718605
524288.000000,712.454416,729.792342
1048576.000000,719.956049,744.487776
2097152.000000,724.385086,740.942250
4194304.000000,728.346995,739.523681
8388608.000000,729.696091,690.200775
