tot_elements,PyTorch,Triton
16.000000,1.474654,1.545871
32.000000,2.953640,3.011120
64.000000,5.820987,5.665616
128.000000,10.158119,9.947600
256.000000,18.787946,19.393940
512.000000,38.135414,35.050305
1024.000000,66.802414,68.346060
2048.000000,101.839415,104.127577
4096.000000,143.815745,145.939035
8192.000000,179.347472,177.679425
16384.000000,212.542729,193.538523
