tot_elements,PyTorch,Triton
4096.000000,139.106011,92.670894
8192.000000,224.679683,118.141131
16384.000000,307.007568,187.392507
32768.000000,356.500712,139.445747
65536.000000,351.273209,199.138173
131072.000000,374.535093,205.528527
262144.000000,381.045139,265.327616
524288.000000,392.866031,270.389780
1048576.000000,404.088906,310.399594
2097152.000000,403.412032,328.403510
4194304.000000,408.124201,330.330144
8388608.000000,406.919367,333.121186
