tot_elements,PyTorch,Triton
16.000000,1.144330,1.594096
32.000000,2.400556,3.143559
64.000000,4.640993,6.227792
128.000000,8.790843,11.967406
256.000000,18.016634,21.954474
512.000000,33.494847,38.685745
1024.000000,59.523238,75.277348
2048.000000,122.629157,133.604828
4096.000000,182.683806,211.661182
8192.000000,241.740235,251.381472
16384.000000,287.761903,292.849851
