tot_elements,PyTorch,Triton
4096.000000,161.577922,95.518821
8192.000000,209.058587,113.622198
16384.000000,221.686416,128.389418
32768.000000,235.235804,139.494840
65536.000000,248.651928,139.997601
131072.000000,209.838379,106.915449
262144.000000,213.333504,108.450571
524288.000000,213.665659,109.692947
1048576.000000,214.390333,109.488088
2097152.000000,214.817577,109.553620
4194304.000000,214.439512,108.615892
8388608.000000,214.713096,108.961638
