tot_elements,PyTorch,Triton
4096.000000,217.985703,126.213450
8192.000000,312.500911,180.504497
16384.000000,361.285813,196.777207
32768.000000,370.915085,189.618439
65536.000000,385.349604,197.551281
131072.000000,395.782283,202.303269
262144.000000,402.359849,204.743158
524288.000000,405.776693,205.203936
1048576.000000,407.339148,206.966742
2097152.000000,407.772054,206.783541
4194304.000000,407.119595,205.432795
8388608.000000,406.901779,206.602378
