tot_elements,PyTorch,Triton
4096.000000,211.128018,202.322502
8192.000000,300.879471,289.043929
16384.000000,381.014982,373.010596
32768.000000,421.260259,426.478934
65536.000000,450.342039,465.364269
131072.000000,468.737049,486.708278
262144.000000,479.912494,498.818519
524288.000000,484.842825,504.352965
1048576.000000,487.512546,504.580125
2097152.000000,488.901891,502.330620
4194304.000000,488.759340,501.800502
8388608.000000,487.848907,507.925572
