tot_elements,PyTorch,Triton
4096.000000,136.458227,85.502223
8192.000000,203.454242,110.499144
16384.000000,286.400784,154.789972
32768.000000,344.787135,137.868919
65536.000000,393.903561,183.200890
131072.000000,322.180926,169.639710
262144.000000,324.632310,182.364963
524288.000000,333.154818,165.571568
1048576.000000,332.023143,188.077937
2097152.000000,330.492540,188.663131
4194304.000000,331.879783,184.535033
8388608.000000,332.521558,184.718078
