tot_elements,PyTorch,Triton
4096.000000,147.910494,154.399686
8192.000000,180.331414,173.530092
16384.000000,197.347602,163.469519
32768.000000,214.797624,212.049921
65536.000000,229.420327,227.143103
131072.000000,243.999412,241.153387
262144.000000,249.943574,245.705891
524288.000000,252.757170,250.905507
1048576.000000,257.593858,257.036992
2097152.000000,258.891683,267.554644
4194304.000000,263.073572,267.583703
8388608.000000,262.801588,271.069108
