tot_elements,PyTorch,Triton
4096.000000,5.643600,4.848312
8192.000000,11.588534,9.099551
16384.000000,21.523698,16.902556
32768.000000,40.199619,29.960736
65536.000000,78.399422,57.690139
131072.000000,116.494767,96.472834
262144.000000,186.888057,135.412950
524288.000000,200.243854,153.376477
1048576.000000,236.351812,154.325491
2097152.000000,239.677804,164.813797
4194304.000000,242.901255,164.699169
8388608.000000,247.172202,126.311074
