tot_elements,PyTorch,Triton
4096.000000,6.261990,7.664778
8192.000000,11.307844,12.958931
16384.000000,21.371137,24.536650
32768.000000,33.173596,46.364037
65536.000000,81.063485,87.346177
131072.000000,113.158749,132.663974
262144.000000,188.900522,204.336160
524288.000000,216.577022,257.018186
1048576.000000,308.944698,313.844660
2097152.000000,336.427534,352.231451
4194304.000000,367.483023,371.805125
8388608.000000,379.838917,383.696038
