tot_elements,PyTorch,Triton
4096.000000,4.797238,7.744292
8192.000000,8.714893,12.770635
16384.000000,15.898641,24.141008
32768.000000,26.628396,45.637883
65536.000000,51.150243,83.543577
131072.000000,74.735517,130.830101
262144.000000,127.755197,198.713245
524288.000000,145.677193,256.292800
1048576.000000,271.657201,314.245981
2097152.000000,288.325039,348.564249
4194304.000000,312.289304,371.525824
8388608.000000,343.660703,383.194804
