tot_elements,PyTorch,Triton
4096.000000,4.231845,6.637153
8192.000000,7.616708,11.846333
16384.000000,14.986744,22.172197
32768.000000,22.711495,37.502245
65536.000000,47.037952,62.927096
131072.000000,64.886724,86.143183
262144.000000,98.265627,108.510223
524288.000000,129.586415,127.212384
1048576.000000,149.059532,141.923341
2097152.000000,149.650922,150.777444
4194304.000000,132.169501,148.457149
8388608.000000,94.780144,125.579779
