input_sizes,torch,triton
128,0.0003129643704484918,0.0006581632868192237
256,0.0010708333603848593,0.0026224490653107054
512,0.002914772704507158,0.010469388097310442
1024,0.00861344562207758,0.0386792454636429
2048,0.03138351230925304,0.08463116912208288
4096,0.0769389647432771,0.12094465071585953
8192,0.09225154094665915,0.133899897306715
