input_sizes,torch,triton
128,0.0005079365119687193,0.00142222220066153
256,0.0019124548111683916,0.0059578182141012395
512,0.008597140416632043,0.023857299199302948
1024,0.03150769222191804,0.07094560287463768
2048,0.08808601925113686,0.1280312509131423
4096,0.12435673706656403,0.15945499313300038
8192,0.13219462549873845,0.1706666606300409
