input_sizes,torch,triton
128,0.0022021505846510276,0.00142222220066153
256,0.008827585986940535,0.005437769859277246
512,0.03531034394776214,0.02275555521058448
1024,0.13653333678245555,0.0871489336498187
2048,0.2315759707346329,0.18204444168467585
4096,0.273387043165575,0.254957384951461
8192,0.28717291816645574,0.283159759582688
