input_sizes,torch,triton
128,0.0012900000325881417,0.0007166666558020992
256,0.005354166477285219,0.002855555512265728
512,0.021374999243947996,0.011399999827177577
1024,0.0820000020714943,0.043850267890272646
2048,0.16070588526635132,0.11075675193169408
4096,0.1998536618119882,0.1681359409593396
8192,0.2134983648380416,0.19192971613430165
