input_sizes,torch,triton
128,0.000280874991776223,0.00142222220066153
256,0.0009114374735178975,0.005696801086505002
512,0.0033355047844830133,0.023813953485535312
1024,0.013221566640372558,0.06120569670439037
2048,0.033232212244928186,0.09943821746383277
4096,0.03809125245403816,0.11850994149368473
8192,0.042405043215470256,0.12418000895175078
