input_sizes,torch,triton
128,0.00012056074783984299,0.0006323529526402916
256,0.00039660494650940416,0.0025196078888148053
512,0.0015545454081286466,0.0100588237117665
1024,0.005976676516805978,0.030147058294821585
2048,0.020287129152293863,0.06887395153029056
4096,0.023802469001346936,0.08955955583363054
8192,0.027914914439065814,0.09466118898043242
