input_sizes,torch,triton
128,0.0012981132076688262,0.000826923105526575
256,0.005302385578476481,0.0032935523665509727
512,0.02131948095732887,0.01314331502586042
1024,0.08246385882109841,0.0500000008194503
2048,0.16070588526635132,0.11543661612812406
4096,0.1998536618119882,0.16957672249877664
8192,0.2134983648380416,0.1883448268311383
