input_sizes,torch,triton
128,0.002684141584898659,0.0016397118160917483
256,0.010736566339594637,0.006564102791156689
512,0.04452173814250753,0.026203918938316077
1024,0.15887515237603306,0.09309090836383094
2048,0.2409411722450521,0.1905116278842825
4096,0.2765232065206884,0.2580157345938478
8192,0.28782322372202035,0.2840274246658437
