input_sizes,torch,triton
128,0.00015807612770210686,0.0005560344689039692
256,0.0005226564858981133,0.002207785259407655
512,0.001891898082248758,0.011399999827177577
1024,0.007169790931526692,0.03534482670552363
2048,0.02855749103324458,0.07189473544628278
4096,0.03594290741703282,0.09202702140788055
8192,0.045296476758814555,0.09775391743176645
