input_sizes,torch,triton
128,0.0003975155191295316,0.00142222220066153
256,0.0013562913629058312,0.00568888880264612
512,0.004650251905982348,0.023813953485535312
1024,0.01757822014850801,0.06113432757895359
2048,0.050412307555068876,0.09990244066169192
4096,0.05804783086197164,0.11808288780096629
8192,0.06926923150137912,0.12360909910187964
