input_sizes,torch,triton
128,0.0027826086339067207,0.0016305732253676397
256,0.011130434535626883,0.006564102791156689
512,0.04452173814250753,0.026256411164626757
1024,0.16384000413894662,0.09309090836383094
2048,0.2409411722450521,0.1905116278842825
4096,0.2765232065206884,0.2580157345938478
8192,0.2880703288861079,0.28401300568350807
