input_sizes,torch,triton
128,0.0012900000325881417,0.000826923105526575
256,0.005165829096796122,0.0032948719088423226
512,0.02118193487550914,0.012915814161421976
1024,0.08230865590044548,0.0500000008194503
2048,0.15828122690315324,0.11692910848563465
4096,0.1998536618119882,0.17081953877533632
8192,0.21320539145532866,0.1910903832280639
