input_sizes,torch,triton
128,0.002666666572344389,0.0016050156065330159
256,0.010666666289377557,0.006402501157799221
512,0.04266666515751023,0.025680249704528254
1024,0.15753846331390406,0.09309090836383094
2048,0.2409411722450521,0.18832183832548335
4096,0.2765232065206884,0.25706692230491807
8192,0.2880703288861079,0.28401300568350807
