input_sizes,torch,triton
128,0.00016518607554870886,0.0005466101529661519
256,0.00054626370518515,0.0022155171861755053
512,0.0020853657644776167,0.008713375673058325
1024,0.007854405879821034,0.03360655802559611
2048,0.0310215869953159,0.08719148684007738
4096,0.05873835128310694,0.12275655623738348
8192,0.06696865470120993,0.13393196467525947
