input_sizes,torch,triton
128,0.0013437499524704148,0.0008236233074200692
256,0.005354166477285219,0.003230164886552128
512,0.021374999243947996,0.012825000323986759
1024,0.08541666364540623,0.04767441859897206
2048,0.16070588526635132,0.11556377793963936
4096,0.1998536618119882,0.1707083272952338
8192,0.2134983648380416,0.19081222916637577
