input_sizes,torch,triton
128,0.0004507042113347938,0.0011016675912520802
256,0.0016305732253676397,0.004398389310570893
512,0.005626373521084805,0.017607738079074342
1024,0.019320754807205038,0.05936231752334337
2048,0.06633198675143054,0.1280000003231689
4096,0.08021542298144088,0.1602347187410272
8192,0.10137046020451679,0.17078480689231412
